{
	"site": {
		"pages": [],
		"apps": [],
		"properties": [
			{
				"key": "isOnline",
				"value": "false"
			},
			{
				"key": "icon",
				"value": "parallaxsitetemplate/parallaxsite/thumbnail.png"
			},
			{
				"key": "theme.id",
				"value": "sap_bluecrystal"
			},
			{
				"key": "theme.active",
				"value": "[\"sap_bluecrystal\",\"sap_hcb\"]"
			},
			{
				"key": "ushell_config",
				"value": {
					"modulePaths": {
						"PoweredByPlugin": "/sap/fiori/poweredbyplugin"
					},
					"bootstrapPlugins": {
						"BootstrapExtensionPlugin": {
							"component": "PoweredByPlugin",
							"url": "/sap/fiori/poweredbyplugin"
						}
					}
				}
			}
		],
		"ID": "hcp://parallaxsitetemplate/parallaxsite/site.json",
		"layout": "{\"pagesOrder\":[]}",
		"name": "parallaxsite",
		"description": ""
	},
	"siteTemplate": {
		"pages": [],
		"apps": [],
		"properties": []
	},
	"personalizedSite": {
		"pages": [],
		"apps": [],
		"properties": []
	},
	"widgetTemplates": [
		{
			"packageID": "",
			"objectName": "",
			"type": "chips.tiles.applauncher.StaticTile",
			"ID": "hcp://parallaxsitetemplate/parallaxsite/pages/ParallaxPage.json:ParallaxPageDisplay",
			"templateProperties": [
				{
					"key": "navigation_target_url",
					"value": "#ParallaxPage-Display"
				},
				{
					"key": "navigation_component_name",
					"value": "parallaxPage"
				},
				{
					"key": "display_search_keywords",
					"value": ""
				},
				{
					"key": "display_icon_url",
					"value": ""
				},
				{
					"key": "display_title_text",
					"value": ""
				},
				{
					"key": "display_subtitle_text",
					"value": ""
				},
				{
					"key": "tile_size",
					"value": ""
				},
				{
					"key": "display_info_text",
					"value": ""
				},
				{
					"key": "formFactor",
					"value": "{\"desktop\":true,\"tablet\":true,\"phone\":true}"
				},
				{
					"key": "sap.hana.uis.flp.app.type",
					"value": "SAP_UI5_Component"
				},
				{
					"key": "html5_application_name",
					"value": "parallaxsitetemplate"
				}
			]
		}
	],
	"siteThemes": {},
	"user": {
		"userId": "i327364",
		"userFullName": "Shahar Arusi Levi",
		"userFirstName": "Shahar",
		"userLastName": "Arusi Levi",
		"userEmail": "shahar.arusi@sap.com",
		"isTenantAdmin": true,
		"sessionToken": "5d81652c-8644-47e4-ac3a-4114830bb691"
	},
	"siteV2": {
		"site": {
			"_version": "1.0",
			"identification": {
				"id": "hcp://parallaxsitetemplate/parallaxsite/site.json",
				"namespace": "",
				"entityType": "site",
				"layer": "vendor",
				"description": "",
				"i18n": "",
				"title": "parallaxsite"
			},
			"payload": {
				"homeApp": {
					"semanticObject": "ParallaxPage",
					"action": "Display"
				},
				"config": {
					"ushellConfig": {
						"modulePaths": {
							"PoweredByPlugin": "/sap/fiori/poweredbyplugin"
						},
						"bootstrapPlugins": {
							"BootstrapExtensionPlugin": {
								"component": "PoweredByPlugin",
								"url": "/sap/fiori/poweredbyplugin"
							}
						}
					}
				},
				"sap.cloud.portal": {
					"_version": "1.2.0",
					"availablePageTemplates": [
						{
							"namespace": "",
							"id": "hcp://parallaxsitetemplate/parallaxsite/pageTemplates/ParallaxPage/manifest.json"
						}
					],
					"config": {
						"isOnline": "false",
						"icon": "parallaxsitetemplate/parallaxsite/thumbnail.png",
						"theme.id": "sap_bluecrystal",
						"theme.active": "[\"sap_bluecrystal\",\"sap_hcb\"]"
					}
				}
			}
		},
		"applications": {
			"hcp://parallaxsitetemplate/parallaxsite/pages/ParallaxPage.json": {
				"sap.cloud.portal": {
					"applicationType": "page",
					"thumbnail": "preview.png",
					"nodes": {
						"widget12": {
							"_version": "1.3.0",
							"sap.app": {
								"_version": "1.3.0",
								"id": "hcp://portalapptemplates/htmlwidget/manifest.json",
								"title": "HTML Widget",
								"description": "A widget template that displays HTML files.",
								"tags": {
									"keywords": []
								},
								"crossNavigation": {
									"inbounds": {
										"0": {
											"semanticObject": "htmlwidget",
											"action": "show"
										}
									}
								}
							},
							"sap.platform.hcp": {
								"_version": "1.2.0",
								"appName": "portalapptemplates",
								"uri": "/htmlwidget"
							},
							"sap.cloud.portal": {
								"show.portal.settings": "false",
								"settings": {
									"markup": {
										"isRequired": "false",
										"storage_type": "html",
										"value": "<article class=\" footer-links\">\n                                <h2>Learn the Latest</h2>\n                                <ul>\n                                    <li class=\"doc\">\n                                            <a href=\"https://help.hana.ondemand.com/cloud_portal/frameset.htm?33abce6ba2044b62a990e34737d65445.html\" target=\"_blank\">SAP HANA Cloud Portal Release Notes</a></li>\n                                    </ul>\n                            </article>",
										"displayName": "HTML",
										"description": "{{resource_url_description}}",
										"id": "markup"
									}
								}
							},
							"sap.flp": {
								"_version": "1.1.0",
								"config": {}
							},
							"sap.ui": {
								"_version": "1.3.0",
								"technology": "UI5"
							},
							"sap.ui5": {
								"_version": "1.2.0",
								"componentName": "htmlwidget.local",
								"routing": {
									"config": {
										"routerClass": "sap.hana.uis.flp.routing.Router"
									}
								}
							},
							"local": "true",
							"sectionAlias": "parallaxpage.widget12"
						},
						"widget11": {
							"_version": "1.3.0",
							"sap.app": {
								"_version": "1.3.0",
								"id": "hcp://portalapptemplates/htmlwidget/manifest.json",
								"title": "HTML Widget",
								"description": "A widget template that displays HTML files.",
								"tags": {
									"keywords": []
								},
								"crossNavigation": {
									"inbounds": {
										"0": {
											"semanticObject": "htmlwidget",
											"action": "show"
										}
									}
								}
							},
							"sap.platform.hcp": {
								"_version": "1.2.0",
								"appName": "portalapptemplates",
								"uri": "/htmlwidget"
							},
							"sap.cloud.portal": {
								"show.portal.settings": "false",
								"settings": {
									"markup": {
										"isRequired": "false",
										"storage_type": "html",
										"value": "<article class=\" footer-links\">\n                                <h2>Product Overview</h2>\n                                <ul>\n                                    <li class=\"doc\">\n                                            <a href=\"http://scn.sap.com/docs/DOC-26416\" target=\"_blank\">SAP HANA Cloud Portal Overview Deck</a></li>\n                                    <li class=\"doc\">\n                                            <a href=\"https://www.sapstore.com/medias/SAP-HANA-Cloud-Portal-Solution-Brief.pdf?context=bWFzdGVyfHBkZnN8NTQ2NzE5fGFwcGxpY2F0aW9uL3BkZnxwZGZzL2g1Ni9oOTEvODc5NjQyOTgxMTc0Mi5wZGZ8Y2U1ZTBjZDZjMzM1ZTlkYmYwMzgxZTgwYjM1ZjMwNjdkOGVmOGM4NWVkNzc1OGVhNmIyODU3YjE3M2E4NGYyNw\" target=\"_blank\">SAP HANA Cloud Portal Solution Brief</a></li>\n                                    </ul>\n                            </article>",
										"displayName": "HTML",
										"description": "{{resource_url_description}}",
										"id": "markup"
									}
								}
							},
							"sap.flp": {
								"_version": "1.1.0",
								"config": {}
							},
							"sap.ui": {
								"_version": "1.3.0",
								"technology": "UI5"
							},
							"sap.ui5": {
								"_version": "1.2.0",
								"componentName": "htmlwidget.local",
								"routing": {
									"config": {
										"routerClass": "sap.hana.uis.flp.routing.Router"
									}
								}
							},
							"local": "true",
							"sectionAlias": "parallaxpage.widget11"
						},
						"widget3": {
							"_version": "1.3.0",
							"sap.app": {
								"_version": "1.3.0",
								"id": "hcp://portalapptemplates/htmlwidget/manifest.json",
								"title": "HTML Widget",
								"description": "A widget template that displays HTML files.",
								"tags": {
									"keywords": []
								},
								"crossNavigation": {
									"inbounds": {
										"0": {
											"semanticObject": "htmlwidget",
											"action": "show"
										}
									}
								}
							},
							"sap.platform.hcp": {
								"_version": "1.2.0",
								"appName": "portalapptemplates",
								"uri": "/htmlwidget"
							},
							"sap.cloud.portal": {
								"show.portal.settings": "false",
								"settings": {
									"markup": {
										"isRequired": "false",
										"storage_type": "html",
										"value": "<div style=\"color: white; font-size: 24px;font-family: verdana;padding:0px 20px 0 0\">What can I do with SAP HANA Cloud Platform?</div>\n<div style=\"color: white; font-family: verdana;line-height: 21px;padding:20px 20px 0 0;white-space: pre-line;\">You're a manager, an engineer, or maybe even a CIO. Most of all-youre a person who takes on challenges of all sizes.\n\nAnd you need the tools to meet those challenges.\n\nWhat if you could quickly build exactly what you need to deliver on your business goals right now?\n\nYou can with SAP HANA Cloud Platform!<div></div></div>\n<div style=\"padding:20px 0\">\n<a   style=\"\n    font-size: 16px;\n    font-family: 'bentonsansbold';\n   color: #16a1e1;\n    white-space: normal;\n    border: none;\ntext-decoration:none;\n\n    outline: none;font-family:verdana; font-weight: bold\" href=\"https://hcp.sap.com/scenarios.html\" title=\"\" target=\"_blank\">> Click here to learn more about what you can do with SAP HANA Cloud Platform</a></div>",
										"displayName": "HTML",
										"description": "{{resource_url_description}}",
										"id": "markup"
									}
								}
							},
							"sap.flp": {
								"_version": "1.1.0",
								"config": {}
							},
							"sap.ui": {
								"_version": "1.3.0",
								"technology": "UI5"
							},
							"sap.ui5": {
								"_version": "1.2.0",
								"componentName": "htmlwidget.local",
								"routing": {
									"config": {
										"routerClass": "sap.hana.uis.flp.routing.Router"
									}
								}
							},
							"local": "true",
							"sectionAlias": "parallaxpage.widget3"
						},
						"widget10": {
							"_version": "1.3.0",
							"sap.app": {
								"_version": "1.3.0",
								"id": "hcp://portalapptemplates/htmlwidget/manifest.json",
								"title": "HTML Widget",
								"description": "A widget template that displays HTML files.",
								"tags": {
									"keywords": []
								},
								"crossNavigation": {
									"inbounds": {
										"0": {
											"semanticObject": "htmlwidget",
											"action": "show"
										}
									}
								}
							},
							"sap.platform.hcp": {
								"_version": "1.2.0",
								"appName": "portalapptemplates",
								"uri": "/htmlwidget"
							},
							"sap.cloud.portal": {
								"show.portal.settings": "false",
								"settings": {
									"markup": {
										"isRequired": "false",
										"storage_type": "html",
										"value": "<article class=\" footer-links\">\n                                <h2>Getting Started</h2>\n                                <ul>\n                                    <li class=\"doc\">\n                                            <a href=\"/content/dam/website/skywalker/en_us/PDFs/Developing Applications for SAP HANA Cloud Portal.pdf\" target=\"_blank\">Prerequisites for Developing Applications with SAP HANA Cloud Portal</a></li>\n                                    <li class=\"doc\">\n                                            <a href=\"https://help.hana.ondemand.com/cloud_portal/frameset.htm\" target=\"_blank\">SAP HANA Cloud Portal Online Help </a></li>\n                                    <li class=\"doc\">\n                                            <a href=\"https://account.hanatrial.ondemand.com/\" target=\"_blank\">Free trial</a></li>\n                                    <li class=\"doc\">\n                                            <a href=\"http://scn.sap.com/docs/DOC-49937\" target=\"_blank\">Experience SAP HANA Cloud Portal</a></li>\n                                    <li class=\"doc\">\n                                            <a href=\"https://demo.cloudportal.sap.com\" target=\"_blank\">SAP HANA Cloud Portal demos</a></li>\n                                    </ul>\n                            </article>",
										"displayName": "HTML",
										"description": "{{resource_url_description}}",
										"id": "markup"
									}
								}
							},
							"sap.flp": {
								"_version": "1.1.0",
								"config": {}
							},
							"sap.ui": {
								"_version": "1.3.0",
								"technology": "UI5"
							},
							"sap.ui5": {
								"_version": "1.2.0",
								"componentName": "htmlwidget.local",
								"routing": {
									"config": {
										"routerClass": "sap.hana.uis.flp.routing.Router"
									}
								}
							},
							"local": "true",
							"sectionAlias": "parallaxpage.widget10"
						},
						"parallaxContent1": {
							"_version": "1.3.0",
							"sap.app": {
								"_version": "1.3.0",
								"id": "hcp://portalapptemplates/sapimagewidget/manifest.json",
								"title": "Image Widget",
								"description": "A widget template that displays images.",
								"tags": {
									"keywords": []
								},
								"crossNavigation": {
									"inbounds": {
										"0": {
											"semanticObject": "ImageWidget",
											"action": "show"
										}
									}
								}
							},
							"sap.platform.hcp": {
								"_version": "1.2.0",
								"appName": "portalapptemplates",
								"uri": "/sapimagewidget"
							},
							"sap.cloud.portal": {
								"show.portal.settings": "false",
								"settings": {
									"imageResource": {
										"isRequired": "true",
										"storage_type": "url",
										"value": "/sap/fiori/portaltrialcontent/parallaxsite/pageTemplates/ParallaxPage/assets/balloon.png",
										"displayName": "ImageURL",
										"description": "{{resource_url_description}}"
									},
									"imageScaling": {
										"isRequired": "true",
										"type": "string",
										"value": "CONTAIN",
										"displayName": "Image Scaling",
										"description": ""
									},
									"imagePosition": {
										"isRequired": "true",
										"type": "number",
										"value": 7,
										"displayName": "Image Position",
										"description": "}"
									},
									"height": {
										"isRequired": "true",
										"type": "int",
										"value": "300",
										"displayName": "Height",
										"description": ""
									},
									"unit": {
										"isRequired": "true",
										"type": "string",
										"value": "POINTS",
										"displayName": "",
										"description": ""
									}
								}
							},
							"sap.flp": {
								"_version": "1.1.0",
								"config": {}
							},
							"sap.ui": {
								"_version": "1.3.0",
								"technology": "UI5"
							},
							"sap.ui5": {
								"_version": "1.2.0",
								"componentName": "imageview.local",
								"routing": {
									"config": {
										"routerClass": "sap.hana.uis.flp.routing.Router"
									}
								}
							},
							"local": "true",
							"sectionAlias": "parallaxpage.parallaxContent1"
						},
						"widget2": {
							"sap.cloud.portal": {
								"show.portal.settings": "false",
								"settings": {
									"markup": {
										"id": "markup",
										"isRequired": "false",
										"description": "{{resource_url_description}}",
										"value": "<br>\n<br>\n<div style=\"font-size: 24px;font-family: verdana;padding:0px 20px 0 0\">Quickly Create Engaging Business Sites</div>\n<div style=\"font-family: verdana;line-height: 21px;padding:20px 20px 0 0;white-space: pre-line;color: black;\">With the SAP HANA Cloud Portal service you can quickly create engaging websites to deliver web-based access to your on-premise systems. SAP HANA Cloud Portal combines the lightweight, low learning curve of site authoring with the full power of enterprise-grade access management, asset management and integration.\n\nSAP HANA Cloud Portal has out-of-the-box integration to SuccessFactors, SAP Cloud For Customer, as well as on-premise SAP systems and is used by customers to build order fulfillment sites, customer support sites, partner portals and much more!<div></div></div>\n<div style=\"padding:20px 0\">\n<a  href=\"http://scn.sap.com/community/hana-cloud-portal\"   style=\"padding: 8px 22px 10px;\n    font-size: 16px;\n    text-decoration: none;\n    font-family: 'bentonsansbold';\n    color: #fff;\n    background-color: #16a1e1;\n    white-space: normal;\n    border: none;\n    border-radius:5px;\n\n    outline: none;font-family:verdana;\" target=\"_blank\">Learn more</a></div>",
										"displayName": "HTML",
										"storage_type": "html"
									}
								}
							},
							"_version": "1.3.0",
							"sap.platform.hcp": {
								"_version": "1.2.0",
								"appName": "portalapptemplates",
								"uri": "/htmlwidget"
							},
							"sectionAlias": "parallaxpage.widget2",
							"sap.ui": {
								"_version": "1.3.0",
								"technology": "UI5"
							},
							"sap.flp": {
								"_version": "1.1.0",
								"config": {}
							},
							"sap.app": {
								"_version": "1.3.0",
								"id": "hcp://portalapptemplates/htmlwidget/manifest.json",
								"title": "HTML Widget",
								"description": "A widget template that displays HTML files.",
								"tags": {
									"keywords": []
								},
								"crossNavigation": {
									"inbounds": {
										"0": {
											"semanticObject": "htmlwidget",
											"action": "show"
										}
									}
								}
							},
							"sap.ui5": {
								"_version": "1.2.0",
								"componentName": "htmlwidget.local",
								"routing": {
									"config": {
										"routerClass": "sap.hana.uis.flp.routing.Router"
									}
								}
							},
							"local": "true"
						},
						"widget1": {
							"sap.cloud.portal": {
								"show.portal.settings": "false",
								"settings": {
									"unit": {
										"isRequired": "true",
										"type": "string",
										"value": "POINTS",
										"displayName": "",
										"description": ""
									},
									"height": {
										"isRequired": "true",
										"description": "",
										"value": "250",
										"type": "int",
										"displayName": "Height"
									},
									"imageScaling": {
										"isRequired": "true",
										"type": "string",
										"value": "CONTAIN",
										"displayName": "Image Scaling",
										"description": ""
									},
									"imageResource": {
										"isRequired": "true",
										"storage_type": "url",
										"value": "/sap/fiori/parallaxsitetemplate/parallaxsite/pageTemplates/ParallaxPage/assets/HCP_Cap.png",
										"displayName": "ImageURL",
										"description": "{{resource_url_description}}"
									},
									"imagePosition": {
										"isRequired": "true",
										"type": "number",
										"value": 4,
										"displayName": "Image Position",
										"description": "}"
									}
								}
							},
							"_version": "1.3.0",
							"sap.platform.hcp": {
								"_version": "1.2.0",
								"appName": "portalapptemplates",
								"uri": "/sapimagewidget"
							},
							"sectionAlias": "parallaxpage.widget1",
							"sap.ui": {
								"_version": "1.3.0",
								"technology": "UI5"
							},
							"sap.flp": {
								"_version": "1.1.0",
								"config": {}
							},
							"sap.app": {
								"_version": "1.3.0",
								"id": "hcp://portalapptemplates/sapimagewidget/manifest.json",
								"title": "Image Widget",
								"description": "A widget template that displays images.",
								"tags": {
									"keywords": []
								},
								"crossNavigation": {
									"inbounds": {
										"0": {
											"semanticObject": "ImageWidget",
											"action": "show"
										}
									}
								}
							},
							"sap.ui5": {
								"_version": "1.2.0",
								"componentName": "imageview.local",
								"routing": {
									"config": {
										"routerClass": "sap.hana.uis.flp.routing.Router"
									}
								}
							},
							"local": "true"
						},
						"widget6": {
							"sap.cloud.portal": {
								"show.portal.settings": "false",
								"settings": {
									"markup": {
										"id": "markup",
										"isRequired": "false",
										"description": "{{resource_url_description}}",
										"value": "<div style=\"font-size: 24px;font-family: verdana;padding:0px 20px 0 0\">Build Role-Based Sites</div>\n<div style=\"font-family: verdana;line-height: 21px;padding:20px 20px 0 0;white-space: pre-line;color: black;\">A role is basically a collection of permissions that defines a function within a portal to which users and/or groups are assigned. Roles and authorizations are created for various job functions within organizations.\n\nWith the new role-based authorizations concept provided by SAP HANA Cloud Portal, you can now easily manage user access and permissions at the site and page levels.\n\nThe ability to build role-based sites in Cloud Portal makes your navigation smarter, and more targeted towards your business scenario.<div></div></div>\n<div style=\"padding:20px 0\">\n<a   style=\"\n    font-size: 16px;\n    font-family: 'bentonsansbold';\n   color: #16a1e1;\n    white-space: normal;\n    border: none;\ntext-decoration:none;\n\n    outline: none;font-family:verdana;\" href=\"http://scn.sap.com/community/hana-cloud-portal/blog/2014/06/18/the-new-roles-and-authorizations-in-sap-hana-cloud-portal\" title=\"\" target=\"_blank\">Blog: How to Manage Roles & Groups</a></div>",
										"displayName": "HTML",
										"storage_type": "html"
									}
								}
							},
							"_version": "1.3.0",
							"sap.platform.hcp": {
								"_version": "1.2.0",
								"appName": "portalapptemplates",
								"uri": "/htmlwidget"
							},
							"sectionAlias": "parallaxpage.widget6",
							"sap.ui": {
								"_version": "1.3.0",
								"technology": "UI5"
							},
							"sap.flp": {
								"_version": "1.1.0",
								"config": {}
							},
							"sap.app": {
								"_version": "1.3.0",
								"id": "hcp://portalapptemplates/htmlwidget/manifest.json",
								"title": "HTML Widget",
								"description": "A widget template that displays HTML files.",
								"tags": {
									"keywords": []
								},
								"crossNavigation": {
									"inbounds": {
										"0": {
											"semanticObject": "htmlwidget",
											"action": "show"
										}
									}
								}
							},
							"sap.ui5": {
								"_version": "1.2.0",
								"componentName": "htmlwidget.local",
								"routing": {
									"config": {
										"routerClass": "sap.hana.uis.flp.routing.Router"
									}
								}
							},
							"local": "true"
						},
						"footer": {
							"_version": "1.3.0",
							"sap.app": {
								"_version": "1.1.0",
								"id": "hcp://socialnetworkswidget/manifest.json",
								"type": "application",
								"i18n": "i18n/i18n.properties",
								"applicationVersion": {
									"version": "1.0.0"
								},
								"title": "Social Networks Widget",
								"description": "{{appDescription}}",
								"sourceTemplate": {
									"id": "ui5template.basicSAPUI5ApplicationProject",
									"version": "1.32.0"
								}
							},
							"sap.ui": {
								"_version": "1.1.0",
								"technology": "UI5",
								"icons": {
									"icon": "",
									"favIcon": "",
									"phone": "",
									"phone@2": "",
									"tablet": "",
									"tablet@2": ""
								},
								"deviceTypes": {
									"desktop": true,
									"tablet": true,
									"phone": true
								},
								"supportedThemes": [
									"sap_hcb",
									"sap_bluecrystal"
								]
							},
							"sap.ui5": {
								"_version": "1.1.0",
								"rootView": {
									"viewName": "SocialNetworksWidget.view.Main",
									"type": "XML"
								},
								"dependencies": {
									"minUI5Version": "1.30.0",
									"libs": {
										"sap.ui.core": {},
										"sap.m": {},
										"sap.ui.layout": {}
									}
								},
								"contentDensities": {
									"compact": true,
									"cozy": true
								},
								"models": {
									"i18n": {
										"type": "sap.ui.model.resource.ResourceModel",
										"settings": {
											"bundleName": "SocialNetworksWidget.i18n.i18n"
										}
									}
								},
								"resources": {
									"css": [
										{
											"uri": "css/style.css"
										}
									]
								},
								"routing": {
									"config": {
										"routerClass": "sap.hana.uis.flp.routing.Router"
									}
								},
								"componentName": "SocialNetworksWidget"
							},
							"sap.flp": {
								"appType": "SAP_UI5_Component",
								"config": {
									"editable": true,
									"deletable": true
								}
							},
							"sap.platform.hcp": {
								"uri": "/",
								"appName": "socialnetworkswidget"
							},
							"sap.cloud.portal": {
								"show.portal.settings": "false",
								"settings": {
									"size": "Small",
									"orientation": "Center",
									"networks": [
										{
											"name": "Twitter",
											"isActive": true,
											"url": "https://twitter.com/PORTAL_SAP",
											"image": "twitter"
										},
										{
											"name": "Facebook",
											"isActive": true,
											"url": "https://www.facebook.com/sapportal",
											"image": "facebook"
										},
										{
											"name": "YouTube",
											"isActive": true,
											"url": "https://www.youtube.com/SAPNetWeaverPortals",
											"image": "youtube"
										},
										{
											"name": "Instagram",
											"isActive": false,
											"image": "instagram"
										},
										{
											"name": "LinkedIn",
											"isActive": false,
											"image": "linkedin"
										},
										{
											"name": "Tumblr",
											"isActive": false,
											"image": "tumblr"
										},
										{
											"name": "Google+",
											"isActive": false,
											"image": "googleplus"
										}
									]
								}
							},
							"local": "true",
							"sectionAlias": "parallaxpage.footer"
						},
						"widget7": {
							"sap.cloud.portal": {
								"show.portal.settings": "false",
								"settings": {
									"markup": {
										"id": "markup",
										"isRequired": "false",
										"description": "{{resource_url_description}}",
										"value": "<br>\n<br><div style=\"font-size: 24px;font-family: verdana;padding:0px 20px 0 0\">Engage with Your Partners</div>\n<div style=\"font-family: verdana;line-height: 21px;padding:20px 20px 0 0;white-space: pre-line;color: black;\">Extend and efficiently manage your partner network with an intuitive partner channel management solution and self-service portal integrated with SAP Cloud for Customer.<div></div></div>\n<div style=\"padding:20px 0\">\n<a   style=\"\n    font-size: 16px;\n    font-family: 'bentonsansbold';\n   color: #16a1e1;\n    white-space: normal;\n    border: none;\ntext-decoration:none;\n    outline: none;font-family:verdana;\" href=\"http://scn.sap.com/community/hana-cloud-portal/blog/2015/05/04/improve-partner-engagement-with-new-partner-portal-for-sap-cloud-for-customer\" title=\"\" target=\"_blank\">Engage on SCN</a></div>",
										"displayName": "HTML",
										"storage_type": "html"
									}
								}
							},
							"_version": "1.3.0",
							"sap.platform.hcp": {
								"_version": "1.2.0",
								"appName": "portalapptemplates",
								"uri": "/htmlwidget"
							},
							"sectionAlias": "parallaxpage.widget7",
							"sap.ui": {
								"_version": "1.3.0",
								"technology": "UI5"
							},
							"sap.flp": {
								"_version": "1.1.0",
								"config": {}
							},
							"sap.app": {
								"_version": "1.3.0",
								"id": "hcp://portalapptemplates/htmlwidget/manifest.json",
								"title": "HTML Widget",
								"description": "A widget template that displays HTML files.",
								"tags": {
									"keywords": []
								},
								"crossNavigation": {
									"inbounds": {
										"0": {
											"semanticObject": "htmlwidget",
											"action": "show"
										}
									}
								}
							},
							"sap.ui5": {
								"_version": "1.2.0",
								"componentName": "htmlwidget.local",
								"routing": {
									"config": {
										"routerClass": "sap.hana.uis.flp.routing.Router"
									}
								}
							},
							"local": "true"
						},
						"widget5": {
							"sap.cloud.portal": {
								"show.portal.settings": "false",
								"settings": {
									"unit": {
										"isRequired": "true",
										"type": "string",
										"value": "POINTS",
										"displayName": "",
										"description": ""
									},
									"height": {
										"isRequired": "true",
										"description": "",
										"value": "250",
										"type": "int",
										"displayName": "Height"
									},
									"imageScaling": {
										"isRequired": "true",
										"type": "string",
										"value": "CONTAIN",
										"displayName": "Image Scaling",
										"description": ""
									},
									"imageResource": {
										"isRequired": "true",
										"storage_type": "url",
										"value": "/sap/fiori/parallaxsitetemplate/parallaxsite/pageTemplates/ParallaxPage/assets/Demo_Kit.png",
										"displayName": "ImageURL",
										"description": "{{resource_url_description}}"
									},
									"imagePosition": {
										"isRequired": "true",
										"type": "number",
										"value": 4,
										"displayName": "Image Position",
										"description": "}"
									}
								}
							},
							"_version": "1.3.0",
							"sap.platform.hcp": {
								"_version": "1.2.0",
								"appName": "portalapptemplates",
								"uri": "/sapimagewidget"
							},
							"sectionAlias": "parallaxpage.widget5",
							"sap.ui": {
								"_version": "1.3.0",
								"technology": "UI5"
							},
							"sap.flp": {
								"_version": "1.1.0",
								"config": {}
							},
							"sap.app": {
								"_version": "1.3.0",
								"id": "hcp://portalapptemplates/sapimagewidget/manifest.json",
								"title": "Image Widget",
								"description": "A widget template that displays images.",
								"tags": {
									"keywords": []
								},
								"crossNavigation": {
									"inbounds": {
										"0": {
											"semanticObject": "ImageWidget",
											"action": "show"
										}
									}
								}
							},
							"sap.ui5": {
								"_version": "1.2.0",
								"componentName": "imageview.local",
								"routing": {
									"config": {
										"routerClass": "sap.hana.uis.flp.routing.Router"
									}
								}
							},
							"local": "true"
						},
						"parallaxContent2": {
							"_version": "1.3.0",
							"sap.app": {
								"_version": "1.3.0",
								"id": "hcp://portalapptemplates/htmlwidget/manifest.json",
								"title": "HTML Widget",
								"description": "A widget template that displays HTML files.",
								"tags": {
									"keywords": []
								},
								"crossNavigation": {
									"inbounds": {
										"0": {
											"semanticObject": "htmlwidget",
											"action": "show"
										}
									}
								}
							},
							"sap.platform.hcp": {
								"_version": "1.2.0",
								"appName": "portalapptemplates",
								"uri": "/htmlwidget"
							},
							"sap.cloud.portal": {
								"show.portal.settings": "false",
								"settings": {
									"markup": {
										"isRequired": "false",
										"storage_type": "html",
										"value": "<div style=\"text-align:center;font-family:verdana\"><div style=\"font-size:48px;color: #0D2938;\">SAP HANA Cloud Platform</div>\n<div style=\"white-space:pre-line;margin-top: 20px;font-size: 20px;color: rgba(0,0,0,0.9);text-shadow: 1px 1px rgba(244,244,244,0.6);\">Create Business Sites to Engage Customers,\nPartners and Employees with SAP HANA Cloud Portal</div></div>",
										"displayName": "HTML",
										"description": "{{resource_url_description}}",
										"id": "markup"
									}
								}
							},
							"sap.flp": {
								"_version": "1.1.0",
								"config": {}
							},
							"sap.ui": {
								"_version": "1.3.0",
								"technology": "UI5"
							},
							"sap.ui5": {
								"_version": "1.2.0",
								"componentName": "htmlwidget.local",
								"routing": {
									"config": {
										"routerClass": "sap.hana.uis.flp.routing.Router"
									}
								}
							},
							"local": "true",
							"sectionAlias": "parallaxpage.parallaxContent2"
						},
						"widget8": {
							"sap.cloud.portal": {
								"show.portal.settings": "false",
								"settings": {
									"unit": {
										"isRequired": "true",
										"type": "string",
										"value": "POINTS",
										"displayName": "",
										"description": ""
									},
									"height": {
										"isRequired": "true",
										"description": "",
										"value": "250",
										"type": "int",
										"displayName": "Height"
									},
									"imageScaling": {
										"isRequired": "true",
										"type": "string",
										"value": "CONTAIN",
										"displayName": "Image Scaling",
										"description": ""
									},
									"imageResource": {
										"isRequired": "true",
										"storage_type": "url",
										"value": "/sap/fiori/parallaxsitetemplate/parallaxsite/pageTemplates/ParallaxPage/assets/PartnerPortal.png",
										"displayName": "ImageURL",
										"description": "{{resource_url_description}}"
									},
									"imagePosition": {
										"isRequired": "true",
										"type": "number",
										"value": 4,
										"displayName": "Image Position",
										"description": "}"
									}
								}
							},
							"_version": "1.3.0",
							"sap.platform.hcp": {
								"_version": "1.2.0",
								"appName": "portalapptemplates",
								"uri": "/sapimagewidget"
							},
							"sectionAlias": "parallaxpage.widget8",
							"sap.ui": {
								"_version": "1.3.0",
								"technology": "UI5"
							},
							"sap.flp": {
								"_version": "1.1.0",
								"config": {}
							},
							"sap.app": {
								"_version": "1.3.0",
								"id": "hcp://portalapptemplates/sapimagewidget/manifest.json",
								"title": "Image Widget",
								"description": "A widget template that displays images.",
								"tags": {
									"keywords": []
								},
								"crossNavigation": {
									"inbounds": {
										"0": {
											"semanticObject": "ImageWidget",
											"action": "show"
										}
									}
								}
							},
							"sap.ui5": {
								"_version": "1.2.0",
								"componentName": "imageview.local",
								"routing": {
									"config": {
										"routerClass": "sap.hana.uis.flp.routing.Router"
									}
								}
							},
							"local": "true"
						},
						"widget9": {
							"_version": "1.3.0",
							"sap.app": {
								"_version": "1.3.0",
								"id": "hcp://portalapptemplates/htmlwidget/manifest.json",
								"title": "HTML Widget",
								"description": "A widget template that displays HTML files.",
								"tags": {
									"keywords": []
								},
								"crossNavigation": {
									"inbounds": {
										"0": {
											"semanticObject": "htmlwidget",
											"action": "show"
										}
									}
								}
							},
							"sap.platform.hcp": {
								"_version": "1.2.0",
								"appName": "portalapptemplates",
								"uri": "/htmlwidget"
							},
							"sap.cloud.portal": {
								"show.portal.settings": "false",
								"settings": {
									"markup": {
										"isRequired": "false",
										"storage_type": "html",
										"value": "  <style>\n        .footer-links{\n            font-family: 'verdana';\n            color: #000;\n        }\n        .footer-links>h2{\n            font-size:20px;\n\n        }\n        .footer-links li.doc{\n            list-style-type: none;\n            position: relative;\n\n        }\n        .footer-links ul{\n            padding: 0;\n        }\n        .footer-links  .doc>a{\n            font-family: 'verdana';\n            color: #000;\n            font-size: 14px;\n            line-height: 21px;\n            display: block;\n            text-decoration: none;\n\n            padding: 0px 10px 10px 40px;\n\n        }\n        .footer-links  li.doc:before{\n          position: absolute;\n    content: \"\\e1b4\";\n    font-family: SAP-icons;\n    color: #08c;\n    left: 5px;\n    top: 0;\n    font-size: 20px;\n        }\n\n    </style>\n    <article class=\"footer-links\">\n    <h2>Tutorial</h2>\n    <ul>\n        <li class=\"doc\">\n            <a  href=\"http://scn.sap.com/docs/DOC-30601\" target=\"_blank\">HANA Cloud Portal Developer\n                Center</a></li>\n    </ul>\n</article>",
										"displayName": "HTML",
										"description": "{{resource_url_description}}",
										"id": "markup"
									}
								}
							},
							"sap.flp": {
								"_version": "1.1.0",
								"config": {}
							},
							"sap.ui": {
								"_version": "1.3.0",
								"technology": "UI5"
							},
							"sap.ui5": {
								"_version": "1.2.0",
								"componentName": "htmlwidget.local",
								"routing": {
									"config": {
										"routerClass": "sap.hana.uis.flp.routing.Router"
									}
								}
							},
							"local": "true",
							"sectionAlias": "parallaxpage.widget9"
						},
						"content2": {
							"_version": "1.3.0",
							"sap.app": {
								"_version": "1.3.0",
								"id": "hcp://portalapptemplates/htmlwidget/manifest.json",
								"title": "HTML Widget",
								"description": "A widget template that displays HTML files.",
								"tags": {
									"keywords": []
								},
								"crossNavigation": {
									"inbounds": {
										"0": {
											"semanticObject": "htmlwidget",
											"action": "show"
										}
									}
								}
							},
							"sap.platform.hcp": {
								"_version": "1.2.0",
								"appName": "portalapptemplates",
								"uri": "/htmlwidget"
							},
							"sap.cloud.portal": {
								"show.portal.settings": "false",
								"settings": {
									"markup": {
										"isRequired": "false",
										"storage_type": "html",
										"value": "<div style=\"display:inline-block;max-width:320px;padding:20px;background: rgba(0,0,0,0.7);color:#fff;\"><div style=\"\n    font-size: 30px;\n    font-family: verdana;\n\">Access Fiori-based Sites</div>\n<div style=\"\n    font-size: 16px;\n    font-family: verdana;\n    margin-top: 5px;\n\">Easily access SAP Fiori apps and business applications via SAP Fiori launchpad; a context-aware, role-based and personalized aggregation point.</div>\n<div style=\"padding:20px 0\">\n<a   style=\"\n    font-size: 16px;\n    font-family: 'bentonsansbold';\n   color: #16a1e1;\n    white-space: normal;\n    border: none;\ntext-decoration:none;\n    outline: none;font-family:verdana;\" href=\"http://www.sap.com/fiori-demo\" title=\"\" target=\"_blank\">See demo in action</a></div>\n</div>",
										"displayName": "HTML",
										"description": "{{resource_url_description}}",
										"id": "markup"
									}
								}
							},
							"sap.flp": {
								"_version": "1.1.0",
								"config": {}
							},
							"sap.ui": {
								"_version": "1.3.0",
								"technology": "UI5"
							},
							"sap.ui5": {
								"_version": "1.2.0",
								"componentName": "htmlwidget.local",
								"routing": {
									"config": {
										"routerClass": "sap.hana.uis.flp.routing.Router"
									}
								}
							},
							"local": "true",
							"sectionAlias": "parallaxpage.content2"
						}
					},
					"settings": {
						"parallaxImages": {
							"parallax_image1": {
								"mediaURL": "/sap/fiori/parallaxsitetemplate/parallaxsite/pageTemplates/ParallaxPage/assets/field.jpg",
								"mediaType": "image",
								"scrollSpeed": "speed25",
								"alignment": "center"
							},
							"parallax_image2": {
								"alignment": "center",
								"scrollSpeed": "speed25",
								"mediaURL": "/sap/fiori/parallaxsitetemplate/parallaxsite/pageTemplates/ParallaxPage/assets/ideas.jpg",
								"mediaType": "image"
							},
							"parallax_image3": {
								"mediaURL": "/sap/fiori/parallaxsitetemplate/parallaxsite/pageTemplates/ParallaxPage/assets/banner_hcp_user_1.jpg",
								"mediaType": "image",
								"alignment": "center",
								"scrollSpeed": "speed50"
							}
						}
					}
				},
				"_version": "1.3.0",
				"sap.platform.hcp": {
					"_version": "1.2.0",
					"appName": "parallaxsitetemplate",
					"uri": "/parallaxsite/pageTemplates/ParallaxPage"
				},
				"sap.ui": {
					"_version": "1.3.0",
					"technology": "UI5"
				},
				"sap.flp": {
					"_version": "1.1.0",
					"config": {}
				},
				"sap.app": {
					"id": "hcp://parallaxsitetemplate/parallaxsite/pages/ParallaxPage.json",
					"tags": {
						"keywords": []
					},
					"_version": "1.3.0",
					"title": "Parallax Page",
					"crossNavigation": {
						"context": {},
						"inbounds": {
							"0": {
								"semanticObject": "ParallaxPage",
								"deviceTypes": {
									"desktop": true,
									"tablet": true,
									"phone": true
								},
								"action": "Display"
							}
						}
					},
					"description": "",
					"i18n": "i18n/i18n.properties",
					"baseId": "hcp://parallaxsitetemplate/parallaxsite/pageTemplates/ParallaxPage/manifest.json"
				},
				"sap.ui5": {
					"_version": "1.2.0",
					"componentName": "parallaxPage"
				}
			}
		},
		"groups": {},
		"menus": {
			"menu.json": {
				"_version": "1.0",
				"identification": {
					"id": "menu.json",
					"entityType": "menu",
					"i18n": "i18n/menu.properties"
				},
				"payload": {
					"locked": "false",
					"tags": [],
					"entities": [
						{
							"title": "Starter",
							"target": {
								"semanticObject": "ParallaxPage",
								"action": "Display"
							},
							"entityType": "PAGE"
						}
					]
				}
			}
		},
		"assignmentPackages": {
			"hcp://parallaxsitetemplate/parallaxsite/catalogs/defaultCatalog.json": {
				"_version": "1.1",
				"identification": {
					"id": "hcp://parallaxsitetemplate/parallaxsite/catalogs/defaultCatalog.json",
					"title": "Everyone",
					"description": "",
					"entityType": "assignmentPackage"
				},
				"payload": {
					"appDescriptors": [
						{
							"id": "hcp://parallaxsitetemplate/parallaxsite/pages/parallaxpage.json",
							"namespace": ""
						}
					]
				}
			}
		},
		"roles": {
			"Everyone": {
				"_version": "1.0",
				"identification": {
					"id": "Everyone",
					"namespace": "",
					"entityType": "role"
				},
				"payload": {
					"catalogs": [
						{
							"namespace": "",
							"id": "hcp://parallaxsitetemplate/parallaxsite/catalogs/defaultCatalog.json"
						}
					],
					"groups": []
				}
			}
		}
	},
	"toggles": {
		"FEATURE_TOGGLE": true,
		"FEATURE_EXT_ADMIN": false,
		"FEATURE_ECM_CACHE_FLP": true,
		"FEATURE_FLP_EXTENSION_CREATION": false,
		"FEATURE_FLP_UI5_CDN_CONSUMPTION": false,
		"FEATURE_LCM_TRANSPORT": true,
		"FEATURE_CDM_1_0_ROLE": true,
		"FEATURE_LREP_STORAGE": false,
		"FEATURE_FSC_SERVICES": false,
		"FEATURE_CDM_1_0_SITE_ENTITY": true,
		"FEATURE_CDM_1_0_LEFTOVERS": false,
		"FEATURE_THEMING_SERVICE": true,
		"FEATURE_RUNTIME_AGENT": false,
		"FEAUTURE_YAML_ROLES": false
	}
}