<Dialog xmlns="sap.m" title="Select Group" xmlns:core="sap.ui.core"
        xmlns:data="http://schemas.sap.com/sapui5/extension/sap.ui.core.CustomData/1" contentWidth="500px"
        contentHeight="400px">
    <buttons>
        <Button class="closeSelectGroup" text="Close" press="onCloseSelectGroup"></Button>
    </buttons>
    <subHeader>
        <Toolbar>
            <SearchField class="jamGroupSearch" liveChange="onGroupSearch" width="100%"/>
        </Toolbar>
    </subHeader>
    <SelectList id="groupList" class="groupList" items="{/d/results}" itemPress="onGroupSelected">
        <core:Item key="{Id}" text="{Name}"/>
    </SelectList>
    <core:HTML visible="false" id="jamErrorHtml" content="&lt;div class=&quot;jamErrorHtml&quot;&gt;Could not connect to SAP Jam. For more information, &lt;a target=&quot;_blank&quot; href=&quot;http://help.sap.com/download/documentation/sapjam/developer/index.html#hcp/concepts/ADVANCED_TOPICS-API_integrate_features_data.html&quot;&gt;click here&lt;/a&gt;.&lt;/div&gt;"/>
</Dialog>