<mvc:View controllerName="cpv2.templates.template3.Template3" height="100%" xmlns:commons="sap.ui.commons" xmlns:l="sap.ui.layout"
	xmlns:core="sap.ui.core" xmlns:mvc="sap.ui.core.mvc" xmlns="sap.m" class='cpv2-page-1280'
	xmlns:appContainer="sap.ushell.components.container" xmlns:cpv2Controls="sap.hana.uis.flp.control">
	<l:Grid hSpacing="0" vSpacing="0">
		<VBox>
			<layoutData>
				<l:GridData span="L12 M12 S12"/>
			</layoutData>
			<cpv2Controls:Widget alias="page3.section1"></cpv2Controls:Widget>
		</VBox>
		<VBox>
			<layoutData>
				<l:GridData span="L6 M6 S12"/>
			</layoutData>
			<cpv2Controls:Widget alias="page3.section2"></cpv2Controls:Widget>
		</VBox>
		<VBox>
			<layoutData>
				<l:GridData span="L6 M6 S12"/>
			</layoutData>
			<cpv2Controls:Widget alias="page3.section3"></cpv2Controls:Widget>
		</VBox>
	</l:Grid>
</mvc:View>