{
	"_version": "1.0",
	"identification": {
		"id": "hcp://marketingsitetemplate/marketingsite/site.json",
		"namespace": "",
		"entityType": "site",
		"layer": "vendor",
		"i18n": "",
		"description": "",
		"title": "Marketing Site"
	},
	"payload": {
		"homeApp": {
			"semanticObject": "Home",
			"action": "show"
		},
		"config": {
			"ushellConfig": {
				"modulePaths": {
					"sap.ushell.apps.cpv2MenuPlugin": "/sap.ushell.apps.cpv2MenuPlugin",
					"PoweredByPlugin": "/sap/fiori/poweredbyplugin"
				},
				"bootstrapPlugins": {
				    "BootstrapExtensionPlugin": {
                    "component": "PoweredByPlugin",
                    "url": "/sap/fiori/poweredbyplugin"
                },
					"menuplugin": {
						"component": "sap.ushell.apps.cpv2MenuPlugin"
					}
				}
			}
		},
		"sap.cloud.portal": {
			"_version": "1.2.0",
			"availablePageTemplates": [
				{
					"namespace": "",
					"id": "hcp://marketingsitetemplate/marketingsite/pageTemplates/template1/manifest.json"
				},
				{
					"namespace": "",
					"id": "hcp://marketingsitetemplate/marketingsite/pageTemplates/template2/manifest.json"
				},
				{
					"namespace": "",
					"id": "hcp://marketingsitetemplate/marketingsite/pageTemplates/template3/manifest.json"
				},
				{
					"namespace": "",
					"id": "hcp://marketingsitetemplate/marketingsite/pageTemplates/template4/manifest.json"
				}
			],
			"config": {
				"icon": "marketingsitetemplate/marketingsite/thumbnail.jpg",
				"editable": true,
				"deletable": true,
				"theme.id": "sap_bluecrystal",
				"theme.active": "[\"supportsiteteched\",\"sap_bluecrystal\",\"sap_hcb\"]"
			}
		}
	}
}