{
  "routes": [
    {
      "path": "/resources",
      "target": {
        "type": "service",
        "name": "sapui5",
        "entryPath": "/resources"
      },
      "description": "SAPUI5 Resources"
    },
    {
      "path": "/test-resources",
      "target": {
        "type": "service",
        "name": "sapui5",
        "entryPath": "/test-resources"
      },
      "description": "SAPUI5 Test Resources"
    },
    {
      "path": "/destinations/jam",
      "target": {
        "type": "destination",
        "name": "sap_jam_odata"
      }
    }
  ],
  "cacheControl": [
    {
      "directive": "public",
      "maxAge": 0
    }
  ]
}