<mvc:View controllerName="cpv2.templates.template2.Template2" height="100%" xmlns:commons="sap.ui.commons" xmlns:l="sap.ui.layout"
	xmlns:core="sap.ui.core" xmlns:mvc="sap.ui.core.mvc" xmlns="sap.m" class='cpv2-page-1280'
	xmlns:appContainer="sap.ushell.components.container" xmlns:cpv2Controls="sap.hana.uis.flp.control">
	<l:Grid hSpacing="0" vSpacing="0">
		<l:content>
			<VBox>
				<layoutData>
					<l:GridData span="L12 M12 S12"/>
				</layoutData>
				<cpv2Controls:Widget alias="page2.section1"></cpv2Controls:Widget>
			</VBox>
			<VBox>
				<layoutData>
					<l:GridData span="L4 M4 S12"/>
				</layoutData>
				<cpv2Controls:Widget alias="page2.section2"></cpv2Controls:Widget>
			</VBox>
			<VBox>
				<layoutData>
					<l:GridData span="L8 M8 S12"/>
				</layoutData>
				<cpv2Controls:Widget alias="page2.section3"></cpv2Controls:Widget>
			</VBox>
		</l:content>
	</l:Grid>
</mvc:View>