{
	"_version": "1.3.0",
	"sap.app": {
		"_version": "1.3.0",
		"id": "hcp://parallaxsitetemplate/parallaxsite/pages/ParallaxPage.json",
		"baseId": "hcp://parallaxsitetemplate/parallaxsite/pageTemplates/ParallaxPage/manifest.json",
		"title": "Parallax Page",
		"description": "",
		"crossNavigation": {
			"context": {},
			"inbounds": {
				"0": {
					"semanticObject": "ParallaxPage",
					"action": "Display"
				},
          "1": {
              "semanticObject": "Home",
              "action": "show"
          }
			}
		}
	}
}